{"cameraMode":{"drawMode":0,"name":"Shaded","section":"Shading Mode"},"sceneLighting":false,"audioPlay":false,"sceneViewState":{"showFog":true,"showMaterialUpdate":false,"showSkybox":false,"showFlares":true,"showImageEffects":true,"showParticleSystems":true,"showVisualEffectGraphs":true,"m_FxEnabled":true},"in2DMode":false,"pivot":{"x":0.49948403239250185,"y":6.287425518035889,"z":4.570000171661377},"rotation":{"x":0.3322727084159851,"y":0.08667763322591782,"z":-0.030700409784913064,"w":0.9387283325195313},"size":0.5766685605049133,"orthographic":false}