{"cameraMode":{"drawMode":0,"name":"Shaded","section":"Shading Mode"},"sceneLighting":false,"audioPlay":false,"sceneViewState":{"showFog":true,"showMaterialUpdate":false,"showSkybox":false,"showFlares":true,"showImageEffects":true,"showParticleSystems":true,"showVisualEffectGraphs":true,"m_FxEnabled":true},"in2DMode":false,"pivot":{"x":0.019999999552965165,"y":2.5399999618530275,"z":-6.070000171661377},"rotation":{"x":-0.28399452567100527,"y":-0.2233981341123581,"z":0.06831184774637222,"w":-0.9299914836883545},"size":0.08660262078046799,"orthographic":false}