{"cameraMode":{"drawMode":0,"name":"Shaded","section":"Shading Mode"},"sceneLighting":false,"audioPlay":false,"sceneViewState":{"showFog":true,"showMaterialUpdate":false,"showSkybox":false,"showFlares":true,"showImageEffects":true,"showParticleSystems":true,"showVisualEffectGraphs":true,"m_FxEnabled":true},"in2DMode":false,"pivot":{"x":0.23690971732139588,"y":6.451380252838135,"z":4.32694149017334},"rotation":{"x":0.39357277750968935,"y":0.028098229318857194,"z":-0.012060185894370079,"w":0.918825626373291},"size":0.5634644627571106,"orthographic":false}