{"cameraMode":{"drawMode":0,"name":"Shaded","section":"Shading Mode"},"sceneLighting":false,"audioPlay":false,"sceneViewState":{"showFog":true,"showMaterialUpdate":false,"showSkybox":false,"showFlares":true,"showImageEffects":true,"showParticleSystems":true,"showVisualEffectGraphs":true,"m_FxEnabled":true},"in2DMode":false,"pivot":{"x":0.5782051086425781,"y":0.735282838344574,"z":-0.8570306301116943},"rotation":{"x":0.0025395292323082687,"y":-0.9170126914978027,"z":0.39966025948524477,"w":0.005083863157778978},"size":4.70510721206665,"orthographic":false}