{"cameraMode":{"drawMode":0,"name":"Shaded","section":"Shading Mode"},"sceneLighting":false,"audioPlay":false,"sceneViewState":{"showFog":true,"showMaterialUpdate":false,"showSkybox":false,"showFlares":true,"showImageEffects":true,"showParticleSystems":true,"showVisualEffectGraphs":true,"m_FxEnabled":true},"in2DMode":false,"pivot":{"x":0.46983981132507326,"y":6.293690204620361,"z":4.570000171661377},"rotation":{"x":0.365258127450943,"y":0.011113235726952553,"z":-0.0044901734218001369,"w":0.9311883449554443},"size":0.7097359895706177,"orthographic":false}