{"cameraMode":{"drawMode":0,"name":"Shaded","section":"Shading Mode"},"sceneLighting":true,"audioPlay":false,"sceneViewState":{"showFog":true,"showMaterialUpdate":false,"showSkybox":true,"showFlares":true,"showImageEffects":true,"showParticleSystems":true,"showVisualEffectGraphs":true,"m_FxEnabled":true},"in2DMode":false,"pivot":{"x":1.2283012866973878,"y":-0.13534261286258698,"z":19.674747467041017},"rotation":{"x":0.19317403435707093,"y":0.02779606729745865,"z":-0.004600273445248604,"w":0.9809767007827759},"size":9.028281211853028,"orthographic":false}